,CPAR2_104600,CPAR2_104610,CPAR2_601050,CPAR2_805410
1,15,28,2,0
2,15,27,2,0
5,15,27,2,0
17,15,27,2,0
18,14,25,2,0
33,14,25,2,0
34,14,25,2,0
49,15,27,2,0
51,13,23,2,0
65,14,25,2,0
67,15,27,2,0
247,2,2,8,2
249,2,2,2,2
250,2,2,2,2
264,13,24,2,0
265,2,2,2,2
281,2,2,2,2
282,15,27,2,0
296,16,30,2,0
297,15,27,2,0
314,17,32,2,0
315,17,32,2,0
478,13,24,2,0
485,14,25,2,0
489,2,8,2,0
490,2,8,2,0
520,14,25,2,0
522,14,24,2,0
543,14,24,2,0
544,13,22,2,0
620,2,2,2,0
624,14,25,2,0
794,2,5,2,0
795,2,2,2,0
799,2,18,2,0
800,2,28,2,0
802,2,3,2,0
803,2,3,2,0
804,2,2,2,2
806,2,10,2,0
807,2,4,17,2
808,9,41,2,0
809,2,13,2,1
810,2,18,2,0
811,2,2,10,2
812,8,13,2,0
813,2,30,2,0
814,2,2,2,2
815,2,16,10,2
844,2,2,2,2
846,2,6,9,2
848,2,2,8,2
850,2,2,7,2
891,2,2,2,2
923,2,2,2,2
925,2,2,2,2
1004,13,23,2,0
1015,13,24,2,0
1082,2,11,15,2
1090,2,11,15,2
1119,7,12,2,0
1129,7,12,2,0
1191,2,2,2,0
1241,2,17,2,2
1258,2,16,2,2
1286,2,2,2,2
1298,2,2,2,2
1302,2,2,2,2
1324,2,6,7,2
1325,2,6,7,2
1394,2,7,3,0
1398,2,7,3,0
1399,2,6,3,0
1666,2,2,2,0
1700,2,6,7,2
1762,14,25,2,0
1882,2,2,10,2
1884,2,2,10,2
1891,2,2,14,2
1892,2,2,14,2
1894,2,2,13,2
1895,2,2,13,2
2057,15,27,2,0
2094,15,26,2,0
2107,2,9,2,0
2108,2,9,2,0
2123,2,2,22,2
2124,2,2,23,2
2159,2,5,2,0
2161,2,5,2,0
2162,15,27,2,0
2191,2,2,12,2
2199,2,15,6,1
2233,2,2,2,2
2234,2,2,2,2
2384,9,13,6,2
2386,2,2,2,2
2387,2,3,3,0
2389,2,2,2,0
2390,2,2,2,0
2399,2,2,2,2
2406,2,2,2,2
2412,2,2,2,2
2413,2,2,6,2
2415,2,26,3,2
2422,2,33,3,2
2425,2,2,7,2
2426,2,2,6,2
2448,2,2,2,0
2456,2,2,2,0
2499,2,2,13,2
2524,2,2,9,2
2529,2,2,19,2
2640,13,22,2,0
2646,2,2,2,0
2647,2,2,2,0
2648,2,2,2,0
2649,2,2,2,0
