,Contig005569_C_parapsilosis_CDC317:110365:SNP$HomAlt,Contig005569_C_parapsilosis_CDC317:361686:SNP$HomAlt,Contig005569_C_parapsilosis_CDC317:362224:SNP$Het,Group_2,Contig005807_C_parapsilosis_CDC317:1213170:INDEL$HomAlt,Contig005809_C_parapsilosis_CDC317:1283814:SNP$Het,Contig005809_C_parapsilosis_CDC317:1574350:SNP$HomAlt,Contig005809_C_parapsilosis_CDC317:1836285:SNP$HomAlt,Contig005809_C_parapsilosis_CDC317:2251778:SNP$HomAlt,Group_1
1,1,1,0,1,1,1,1,1,1,1
2,1,1,0,1,1,1,1,1,1,1
5,1,1,0,1,1,1,1,1,1,1
17,1,1,0,1,0,1,1,1,1,1
18,1,1,0,1,0,1,1,1,1,1
33,1,1,0,1,0,1,1,1,1,1
34,1,1,0,1,0,1,1,1,1,1
49,1,1,0,1,1,1,1,1,1,1
51,1,1,0,1,0,1,1,1,1,1
65,1,1,0,1,1,1,1,1,1,1
67,1,1,0,1,1,1,1,1,1,1
247,0,0,1,0,0,0,0,0,0,0
249,0,0,1,0,0,0,0,0,0,0
250,0,0,1,0,0,0,0,0,0,0
264,1,1,0,1,1,1,1,1,1,1
265,0,0,1,0,0,0,0,0,0,0
281,0,0,1,0,0,0,0,0,0,0
282,1,1,0,1,0,1,1,1,1,1
296,1,1,0,1,1,1,1,1,1,1
297,1,1,0,1,1,1,1,1,1,1
314,1,1,0,1,1,1,1,1,1,1
315,1,1,0,1,0,1,1,1,1,1
478,1,1,0,1,1,1,1,1,1,1
485,1,1,0,1,1,1,1,1,1,1
489,0,1,0,0,1,1,1,0,1,0
490,0,1,0,0,1,1,1,0,1,0
520,1,1,0,1,1,1,1,1,1,1
522,1,1,0,1,1,1,1,1,1,1
543,1,1,0,1,0,1,1,1,1,1
544,1,1,0,1,1,1,1,1,1,1
620,1,1,0,0,1,0,0,0,0,0
624,1,1,0,1,1,1,1,1,1,1
794,0,1,0,0,0,1,1,0,1,0
795,0,1,0,0,1,1,1,0,1,1
799,0,1,0,0,1,1,1,0,1,0
800,0,1,0,0,0,1,1,0,1,0
802,0,1,0,0,0,0,1,0,1,0
803,0,1,0,0,1,0,1,0,1,0
804,0,0,1,0,0,0,0,0,0,0
806,0,1,0,0,1,1,1,0,1,0
807,0,0,0,0,0,1,0,0,0,0
808,1,1,0,1,1,1,1,1,1,1
809,0,1,0,0,0,0,0,0,0,0
810,1,1,0,1,1,1,0,0,0,0
811,0,0,1,0,0,0,0,0,0,0
812,1,1,0,1,0,1,1,1,1,1
813,0,1,0,0,1,1,1,0,1,0
814,0,0,0,0,0,0,0,0,0,1
815,0,0,1,0,0,0,0,0,0,0
844,0,0,1,0,0,0,0,0,0,0
846,0,0,1,0,0,0,0,0,0,0
848,0,0,1,0,0,0,0,0,0,0
850,0,0,1,0,0,0,0,0,0,0
891,0,0,1,0,0,0,0,0,0,0
923,0,0,1,0,0,0,0,0,0,0
925,0,0,1,0,0,0,0,0,0,0
1004,1,1,0,1,1,1,1,1,1,1
1015,1,1,0,1,1,1,1,1,1,1
1082,0,0,1,0,0,0,0,0,0,0
1090,0,0,1,0,0,0,0,0,0,0
1119,1,1,0,1,1,1,1,1,1,1
1129,1,1,0,1,1,1,1,1,1,1
1191,1,1,0,0,1,0,0,0,0,0
1241,0,0,1,0,0,0,0,0,0,0
1258,0,0,1,0,0,0,0,0,0,0
1286,0,0,1,0,0,0,0,0,0,0
1298,0,0,1,0,0,0,0,0,0,0
1302,0,0,1,0,0,0,0,0,0,0
1324,0,0,1,0,0,0,0,0,0,0
1325,0,0,1,0,0,0,0,0,0,0
1394,0,1,0,0,1,1,1,0,1,0
1398,0,1,0,0,0,1,1,0,1,0
1399,0,1,0,0,1,1,1,0,1,0
1666,0,1,0,0,0,0,0,0,0,0
1700,0,0,1,0,0,0,0,0,0,0
1762,1,1,0,1,1,1,1,1,1,1
1882,0,0,1,0,0,0,0,0,0,0
1884,0,0,1,0,0,0,0,0,0,0
1891,0,0,1,0,0,0,0,0,0,0
1892,0,0,1,0,0,0,0,0,0,0
1894,0,0,1,0,0,0,0,0,0,0
1895,0,0,1,0,0,0,0,0,0,0
2057,1,1,0,1,0,1,1,1,1,1
2094,1,1,0,1,1,1,1,1,1,1
2107,0,1,0,0,1,1,0,0,1,0
2108,0,1,0,0,1,1,0,0,1,0
2123,0,0,1,0,0,0,0,0,0,0
2124,0,0,1,0,0,0,0,0,0,0
2159,0,1,0,0,0,1,1,0,1,0
2161,0,1,0,0,0,1,1,0,1,0
2162,1,1,0,1,1,1,1,1,1,1
2191,0,0,1,0,0,0,0,0,0,0
2199,0,1,0,0,0,1,0,0,0,0
2233,0,0,1,0,0,0,0,0,0,0
2234,0,0,1,0,0,0,0,0,0,0
2384,1,0,0,0,0,0,0,0,0,0
2386,0,0,1,0,0,0,0,0,0,0
2387,0,1,0,0,1,0,1,0,1,0
2389,0,1,0,0,1,0,1,0,1,1
2390,0,1,0,0,1,1,1,0,1,1
2399,0,0,0,0,0,0,0,0,0,0
2406,0,0,0,0,0,0,0,0,0,0
2412,0,0,0,0,0,0,0,0,0,0
2413,0,0,1,0,0,1,0,0,0,0
2415,0,0,1,0,0,0,0,0,0,0
2422,0,0,1,0,0,0,0,0,0,0
2425,0,0,1,0,0,0,0,0,0,0
2426,0,0,1,0,0,0,0,0,0,0
2448,1,1,0,0,0,1,0,1,0,0
2456,1,1,0,0,1,1,0,1,0,0
2499,0,0,1,0,0,1,0,0,0,0
2524,0,0,1,0,0,0,0,0,0,0
2529,0,0,1,0,0,0,0,0,0,0
2640,0,1,0,0,1,1,1,0,1,0
2646,0,1,0,0,1,1,1,0,1,1
2647,0,1,0,0,1,1,1,0,1,1
2648,0,1,0,0,1,1,1,0,1,1
2649,0,1,0,0,1,1,1,0,1,1
