,CPAR2_104600,CPAR2_104610,CPAR2_601050,CPAR2_805410,Contig005569_C_parapsilosis_CDC317:110365:SNP$HomAlt,Contig005569_C_parapsilosis_CDC317:361686:SNP$HomAlt,Contig005569_C_parapsilosis_CDC317:362224:SNP$Het,Group_2,Contig005807_C_parapsilosis_CDC317:1213170:INDEL$HomAlt,Contig005809_C_parapsilosis_CDC317:1283814:SNP$Het,Contig005809_C_parapsilosis_CDC317:1574350:SNP$HomAlt,Contig005809_C_parapsilosis_CDC317:1836285:SNP$HomAlt,Contig005809_C_parapsilosis_CDC317:2251778:SNP$HomAlt,Group_1
1,15,28,2,0,1,1,0,1,1,1,1,1,1,1
2,15,27,2,0,1,1,0,1,1,1,1,1,1,1
5,15,27,2,0,1,1,0,1,1,1,1,1,1,1
17,15,27,2,0,1,1,0,1,0,1,1,1,1,1
18,14,25,2,0,1,1,0,1,0,1,1,1,1,1
33,14,25,2,0,1,1,0,1,0,1,1,1,1,1
34,14,25,2,0,1,1,0,1,0,1,1,1,1,1
49,15,27,2,0,1,1,0,1,1,1,1,1,1,1
51,13,23,2,0,1,1,0,1,0,1,1,1,1,1
65,14,25,2,0,1,1,0,1,1,1,1,1,1,1
67,15,27,2,0,1,1,0,1,1,1,1,1,1,1
247,2,2,8,2,0,0,1,0,0,0,0,0,0,0
249,2,2,2,2,0,0,1,0,0,0,0,0,0,0
250,2,2,2,2,0,0,1,0,0,0,0,0,0,0
264,13,24,2,0,1,1,0,1,1,1,1,1,1,1
265,2,2,2,2,0,0,1,0,0,0,0,0,0,0
281,2,2,2,2,0,0,1,0,0,0,0,0,0,0
282,15,27,2,0,1,1,0,1,0,1,1,1,1,1
296,16,30,2,0,1,1,0,1,1,1,1,1,1,1
297,15,27,2,0,1,1,0,1,1,1,1,1,1,1
314,17,32,2,0,1,1,0,1,1,1,1,1,1,1
315,17,32,2,0,1,1,0,1,0,1,1,1,1,1
478,13,24,2,0,1,1,0,1,1,1,1,1,1,1
485,14,25,2,0,1,1,0,1,1,1,1,1,1,1
489,2,8,2,0,0,1,0,0,1,1,1,0,1,0
490,2,8,2,0,0,1,0,0,1,1,1,0,1,0
520,14,25,2,0,1,1,0,1,1,1,1,1,1,1
522,14,24,2,0,1,1,0,1,1,1,1,1,1,1
543,14,24,2,0,1,1,0,1,0,1,1,1,1,1
544,13,22,2,0,1,1,0,1,1,1,1,1,1,1
620,2,2,2,0,1,1,0,0,1,0,0,0,0,0
624,14,25,2,0,1,1,0,1,1,1,1,1,1,1
794,2,5,2,0,0,1,0,0,0,1,1,0,1,0
795,2,2,2,0,0,1,0,0,1,1,1,0,1,1
799,2,18,2,0,0,1,0,0,1,1,1,0,1,0
800,2,28,2,0,0,1,0,0,0,1,1,0,1,0
802,2,3,2,0,0,1,0,0,0,0,1,0,1,0
803,2,3,2,0,0,1,0,0,1,0,1,0,1,0
804,2,2,2,2,0,0,1,0,0,0,0,0,0,0
806,2,10,2,0,0,1,0,0,1,1,1,0,1,0
807,2,4,17,2,0,0,0,0,0,1,0,0,0,0
808,9,41,2,0,1,1,0,1,1,1,1,1,1,1
809,2,13,2,1,0,1,0,0,0,0,0,0,0,0
810,2,18,2,0,1,1,0,1,1,1,0,0,0,0
811,2,2,10,2,0,0,1,0,0,0,0,0,0,0
812,8,13,2,0,1,1,0,1,0,1,1,1,1,1
813,2,30,2,0,0,1,0,0,1,1,1,0,1,0
814,2,2,2,2,0,0,0,0,0,0,0,0,0,1
815,2,16,10,2,0,0,1,0,0,0,0,0,0,0
844,2,2,2,2,0,0,1,0,0,0,0,0,0,0
846,2,6,9,2,0,0,1,0,0,0,0,0,0,0
848,2,2,8,2,0,0,1,0,0,0,0,0,0,0
850,2,2,7,2,0,0,1,0,0,0,0,0,0,0
891,2,2,2,2,0,0,1,0,0,0,0,0,0,0
923,2,2,2,2,0,0,1,0,0,0,0,0,0,0
925,2,2,2,2,0,0,1,0,0,0,0,0,0,0
1004,13,23,2,0,1,1,0,1,1,1,1,1,1,1
1015,13,24,2,0,1,1,0,1,1,1,1,1,1,1
1082,2,11,15,2,0,0,1,0,0,0,0,0,0,0
1090,2,11,15,2,0,0,1,0,0,0,0,0,0,0
1119,7,12,2,0,1,1,0,1,1,1,1,1,1,1
1129,7,12,2,0,1,1,0,1,1,1,1,1,1,1
1191,2,2,2,0,1,1,0,0,1,0,0,0,0,0
1241,2,17,2,2,0,0,1,0,0,0,0,0,0,0
1258,2,16,2,2,0,0,1,0,0,0,0,0,0,0
1286,2,2,2,2,0,0,1,0,0,0,0,0,0,0
1298,2,2,2,2,0,0,1,0,0,0,0,0,0,0
1302,2,2,2,2,0,0,1,0,0,0,0,0,0,0
1324,2,6,7,2,0,0,1,0,0,0,0,0,0,0
1325,2,6,7,2,0,0,1,0,0,0,0,0,0,0
1394,2,7,3,0,0,1,0,0,1,1,1,0,1,0
1398,2,7,3,0,0,1,0,0,0,1,1,0,1,0
1399,2,6,3,0,0,1,0,0,1,1,1,0,1,0
1666,2,2,2,0,0,1,0,0,0,0,0,0,0,0
1700,2,6,7,2,0,0,1,0,0,0,0,0,0,0
1762,14,25,2,0,1,1,0,1,1,1,1,1,1,1
1882,2,2,10,2,0,0,1,0,0,0,0,0,0,0
1884,2,2,10,2,0,0,1,0,0,0,0,0,0,0
1891,2,2,14,2,0,0,1,0,0,0,0,0,0,0
1892,2,2,14,2,0,0,1,0,0,0,0,0,0,0
1894,2,2,13,2,0,0,1,0,0,0,0,0,0,0
1895,2,2,13,2,0,0,1,0,0,0,0,0,0,0
2057,15,27,2,0,1,1,0,1,0,1,1,1,1,1
2094,15,26,2,0,1,1,0,1,1,1,1,1,1,1
2107,2,9,2,0,0,1,0,0,1,1,0,0,1,0
2108,2,9,2,0,0,1,0,0,1,1,0,0,1,0
2123,2,2,22,2,0,0,1,0,0,0,0,0,0,0
2124,2,2,23,2,0,0,1,0,0,0,0,0,0,0
2159,2,5,2,0,0,1,0,0,0,1,1,0,1,0
2161,2,5,2,0,0,1,0,0,0,1,1,0,1,0
2162,15,27,2,0,1,1,0,1,1,1,1,1,1,1
2191,2,2,12,2,0,0,1,0,0,0,0,0,0,0
2199,2,15,6,1,0,1,0,0,0,1,0,0,0,0
2233,2,2,2,2,0,0,1,0,0,0,0,0,0,0
2234,2,2,2,2,0,0,1,0,0,0,0,0,0,0
2384,9,13,6,2,1,0,0,0,0,0,0,0,0,0
2386,2,2,2,2,0,0,1,0,0,0,0,0,0,0
2387,2,3,3,0,0,1,0,0,1,0,1,0,1,0
2389,2,2,2,0,0,1,0,0,1,0,1,0,1,1
2390,2,2,2,0,0,1,0,0,1,1,1,0,1,1
2399,2,2,2,2,0,0,0,0,0,0,0,0,0,0
2406,2,2,2,2,0,0,0,0,0,0,0,0,0,0
2412,2,2,2,2,0,0,0,0,0,0,0,0,0,0
2413,2,2,6,2,0,0,1,0,0,1,0,0,0,0
2415,2,26,3,2,0,0,1,0,0,0,0,0,0,0
2422,2,33,3,2,0,0,1,0,0,0,0,0,0,0
2425,2,2,7,2,0,0,1,0,0,0,0,0,0,0
2426,2,2,6,2,0,0,1,0,0,0,0,0,0,0
2448,2,2,2,0,1,1,0,0,0,1,0,1,0,0
2456,2,2,2,0,1,1,0,0,1,1,0,1,0,0
2499,2,2,13,2,0,0,1,0,0,1,0,0,0,0
2524,2,2,9,2,0,0,1,0,0,0,0,0,0,0
2529,2,2,19,2,0,0,1,0,0,0,0,0,0,0
2640,13,22,2,0,0,1,0,0,1,1,1,0,1,0
2646,2,2,2,0,0,1,0,0,1,1,1,0,1,1
2647,2,2,2,0,0,1,0,0,1,1,1,0,1,1
2648,2,2,2,0,0,1,0,0,1,1,1,0,1,1
2649,2,2,2,0,0,1,0,0,1,1,1,0,1,1
