,Score,Is_HR_Mica4,Is_HR_NMF,Source,ASV,Score_mean_pred,Score_std_pred,CPAR2_104600,CPAR2_104610,CPAR2_805410,Contig005809_C_parapsilosis_CDC317:1283814:SNP$Het,Contig005809_C_parapsilosis_CDC317:1574350:SNP$HomAlt,Contig005809_C_parapsilosis_CDC317:2251778:SNP$HomAlt,CPAR2_601050,Contig005809_C_parapsilosis_CDC317:1283814:SNP,Contig005809_C_parapsilosis_CDC317:1574350:SNP,Contig005809_C_parapsilosis_CDC317:2251778:SNP
808,0.9904055912762352,True,True,MSKotherBSI,ASV_1,0.8101893669223802,0.21646801777295951,3.169925001442312,5.357552004618084,-100.0,1,1,1,1.0,1,2,2
1129,0.8549117021902545,True,True,MSKalloHCTfecal,ASV_3,0.6650211151473132,0.06598171096452358,2.807354922057604,3.584962500721156,-100.0,1,1,1,1.0,1,2,2
1,0.8136082982877858,True,True,MSKalloHCTfecal,ASV_3,0.5341642021918869,0.04435067771190515,3.9068905956085187,4.807354922057604,-100.0,1,1,1,1.0,1,2,2
1119,0.8001702132620715,True,True,MSKalloHCTfecal,ASV_3,0.6650211151473132,0.06598171096452358,2.807354922057604,3.584962500721156,-100.0,1,1,1,1.0,1,2,2
794,0.762030332701795,True,True,MSKalloHCTBSI,ASV_1,0.39236086463438824,0.042812555221060956,1.0,2.321928094887362,-100.0,1,1,1,1.0,1,2,2
799,0.7117056775407751,True,True,MSKotherBSI,ASV_1,0.40839749912165835,0.0566671882251682,1.0,4.169925001442312,-100.0,1,1,1,1.0,1,2,2
802,0.6729777075244023,True,True,MSKalloHCTBSI,ASV_1,0.42993863698061013,0.06532603686574052,1.0,1.584962500721156,-100.0,0,1,1,1.0,2,2,2
2,0.6720276838196665,True,True,MSKalloHCTfecal,ASV_3,0.5469515954914471,0.04545420316977926,3.9068905956085187,4.754887502163468,-100.0,1,1,1,1.0,1,2,2
2640,0.6667480528785465,True,True,MSKalloHCTfecal,ASV_1,0.5910675495433617,0.060989345031961545,3.700439718141092,4.459431618637297,-100.0,1,1,1,1.0,1,2,2
297,0.659646071042151,True,True,MSKalloHCTfecal,ASV_3,0.5469515954914471,0.04545420316977928,3.9068905956085187,4.754887502163468,-100.0,1,1,1,1.0,1,2,2
489,0.6588918137149469,True,True,MSKalloHCTBSI,ASV_1,0.3885944581801729,0.04463109498871752,1.0,3.0,-100.0,1,1,1,1.0,1,2,2
5,0.634745858453053,True,True,MSKalloHCTfecal,ASV_3,0.5469515954914471,0.04545420316977926,3.9068905956085187,4.754887502163468,-100.0,1,1,1,1.0,1,2,2
478,0.6197170432159548,True,True,MSKalloHCTBSI,ASV_3,0.5674539085949725,0.053850481223074745,3.700439718141092,4.584962500721156,-100.0,1,1,1,1.0,1,2,2
1004,0.6105925776419119,True,True,MSKalloHCTfecal,ASV_3,0.5810164078200545,0.05669483072234416,3.700439718141092,4.523561956057013,-100.0,1,1,1,1.0,1,2,2
51,0.5900914500362118,True,True,MSKalloHCTfecal,ASV_3,0.5810164078200545,0.05669483072234416,3.700439718141092,4.523561956057013,-100.0,1,1,1,1.0,1,2,2
795,0.5866341773741721,True,True,MSKalloHCTBSI,ASV_1,0.41637038282021216,0.040396846793806326,1.0,1.0,-100.0,1,1,1,1.0,1,2,2
1015,0.5852514675121769,True,True,MSKalloHCTfecal,ASV_3,0.5674539085949725,0.053850481223074745,3.700439718141092,4.584962500721156,-100.0,1,1,1,1.0,1,2,2
1762,0.5779073445728256,True,True,MSKalloHCTfecal,ASV_3,0.5415293347910867,0.0451525389698518,3.807354922057604,4.643856189774724,-100.0,1,1,1,1.0,1,2,2
812,0.5747237540596971,True,True,MSKalloHCTBSI,ASV_3,0.6307717935121047,0.07186252845809349,3.0,3.700439718141092,-100.0,1,1,1,1.0,1,2,2
2649,0.5694579354419578,True,True,MSKalloHCTfecal,ASV_1,0.41637038282021216,0.040396846793806326,1.0,1.0,-100.0,1,1,1,1.0,1,2,2
33,0.5666721056373271,True,True,MSKalloHCTfecal,ASV_3,0.5415293347910867,0.0451525389698518,3.807354922057604,4.643856189774724,-100.0,1,1,1,1.0,1,2,2
296,0.5655923378505356,True,True,MSKalloHCTfecal,ASV_3,0.5183693759482663,0.04844961971196509,4.0,4.906890595608519,-100.0,1,1,1,1.0,1,2,2
2057,0.5555266921540046,True,True,MSKalloHCTfecal,ASV_3,0.5469515954914471,0.04545420316977926,3.9068905956085187,4.754887502163468,-100.0,1,1,1,1.0,1,2,2
315,0.5408247867857949,True,True,MSKalloHCTfecal,ASV_3,0.5262042046775073,0.04996148644507565,4.087462841250339,5.0,-100.0,1,1,1,1.0,1,2,2
34,0.5372786804057252,True,True,MSKalloHCTfecal,ASV_3,0.5415293347910867,0.0451525389698518,3.807354922057604,4.643856189774724,-100.0,1,1,1,1.0,1,2,2
543,0.5367803007839446,True,True,MSKalloHCTfecal,ASV_3,0.5424123682476909,0.0447748357821872,3.807354922057604,4.584962500721156,-100.0,1,1,1,1.0,1,2,2
2094,0.5193130115590592,True,True,MSKalloHCTfecal,ASV_3,0.5452294858231285,0.04465553770823395,3.9068905956085187,4.700439718141092,-100.0,1,1,1,1.0,1,2,2
67,0.5089902182027024,True,True,MSKalloHCTBSI,ASV_3,0.5469515954914471,0.04545420316977926,3.9068905956085187,4.754887502163468,-100.0,1,1,1,1.0,1,2,2
520,0.4947545263293793,True,True,MSKalloHCTfecal,ASV_3,0.5415293347910867,0.0451525389698518,3.807354922057604,4.643856189774724,-100.0,1,1,1,1.0,1,2,2
624,0.4922521590901096,True,True,MSKalloHCTfecal,ASV_3,0.5415293347910867,0.0451525389698518,3.807354922057604,4.643856189774724,-100.0,1,1,1,1.0,1,2,2
485,0.4920980285893193,True,True,MSKalloHCTBSI,ASV_3,0.5415293347910867,0.0451525389698518,3.807354922057604,4.643856189774724,-100.0,1,1,1,1.0,1,2,2
544,0.4914331833677513,True,True,MSKalloHCTfecal,ASV_3,0.5910675495433617,0.060989345031961545,3.700439718141092,4.459431618637297,-100.0,1,1,1,1.0,1,2,2
522,0.4837166561674095,True,True,MSKalloHCTfecal,ASV_3,0.5424123682476909,0.044774835782187196,3.807354922057604,4.584962500721156,-100.0,1,1,1,1.0,1,2,2
314,0.4818295634424154,True,True,MSKalloHCTfecal,ASV_3,0.5262042046775073,0.04996148644507565,4.087462841250339,5.0,-100.0,1,1,1,1.0,1,2,2
49,0.4761589304411611,True,True,MSKalloHCTfecal,ASV_3,0.5469515954914471,0.04545420316977926,3.9068905956085187,4.754887502163468,-100.0,1,1,1,1.0,1,2,2
264,0.4713641088886755,True,True,MSKalloHCTfecal,ASV_3,0.5674539085949725,0.053850481223074745,3.700439718141092,4.584962500721156,-100.0,1,1,1,1.0,1,2,2
2646,0.4681858131503117,True,True,MSKalloHCTfecal,ASV_1,0.41637038282021216,0.040396846793806326,1.0,1.0,-100.0,1,1,1,1.0,1,2,2
65,0.4577791069035409,True,True,MSKalloHCTBSI,ASV_3,0.5415293347910867,0.0451525389698518,3.807354922057604,4.643856189774724,-100.0,1,1,1,1.0,1,2,2
282,0.4522169156650231,True,True,MSKalloHCTfecal,ASV_3,0.5469515954914471,0.04545420316977926,3.9068905956085187,4.754887502163468,-100.0,1,1,1,1.0,1,2,2
2648,0.4509743749894548,True,True,MSKalloHCTfecal,ASV_1,0.41637038282021216,0.040396846793806326,1.0,1.0,-100.0,1,1,1,1.0,1,2,2
2162,0.4470754839385543,True,True,MSKalloHCTfecal,ASV_3,0.5469515954914471,0.04545420316977926,3.9068905956085187,4.754887502163468,-100.0,1,1,1,1.0,1,2,2
2647,0.4462383960016342,True,True,MSKalloHCTfecal,ASV_1,0.41637038282021216,0.040396846793806326,1.0,1.0,-100.0,1,1,1,1.0,1,2,2
17,0.4382118603849418,True,True,MSKalloHCTfecal,ASV_3,0.5469515954914471,0.04545420316977926,3.9068905956085187,4.754887502163468,-100.0,1,1,1,1.0,1,2,2
2387,0.4379000732067362,True,True,MSKalloHCTBSI,ASV_1,0.42993863698061013,0.06532603686574052,1.0,1.584962500721156,-100.0,0,1,1,1.584962500721156,2,2,2
2161,0.4312132468773625,True,True,MSKalloHCTfecal,ASV_1,0.39236086463438824,0.042812555221060956,1.0,2.321928094887362,-100.0,1,1,1,1.0,1,2,2
1394,0.4222147416536796,True,True,MSKalloHCTfecal,ASV_1,0.3827972175780945,0.04130345483755663,1.0,2.807354922057604,-100.0,1,1,1,1.584962500721156,1,2,2
18,0.4040984123837866,True,True,MSKalloHCTfecal,ASV_3,0.5415293347910867,0.0451525389698518,3.807354922057604,4.643856189774724,-100.0,1,1,1,1.0,1,2,2
2384,0.4003342455924767,True,True,MSKalloHCTBSI,ASV_1,0.3158720062113451,0.06702427328931172,3.169925001442312,3.700439718141092,1.0,0,0,0,2.584962500721156,2,0,0
2389,0.3760675197654693,True,True,MSKotherBSI,ASV_1,0.3830570544891956,0.04035343297581017,1.0,1.0,-100.0,0,1,1,1.0,2,2,2
1399,0.3749365232912804,True,True,MSKalloHCTfecal,ASV_1,0.38785714543141087,0.04157685729783201,1.0,2.584962500721156,-100.0,1,1,1,1.584962500721156,1,2,2
2456,0.3622727437939199,True,True,MSKalloHCTfecal,ASV_1,0.2474730768775501,0.040229001967661944,1.0,1.0,-100.0,1,0,0,1.0,1,0,0
2390,0.3416979157008235,True,True,MSKalloHCTBSI,ASV_1,0.41637038282021216,0.040396846793806326,1.0,1.0,-100.0,1,1,1,1.0,1,2,2
2199,0.3356343278156759,True,True,MSKalloHCTfecal,ASV_1,0.30734556923108314,0.04008506483366809,1.0,3.9068905956085187,0.0,1,0,0,2.584962500721156,1,0,0
810,0.3339842802858137,True,True,MSKotherBSI,ASV_1,0.2990722382052958,0.04000731709464363,1.0,4.169925001442312,-100.0,1,0,0,1.0,1,1,1
2191,0.3181126413610362,True,True,MSKalloHCTfecal,ASV_1,0.0505334706555208,0.04454972393681645,1.0,1.0,1.0,0,0,0,3.584962500721156,0,0,0
809,0.3175880700113115,False,True,MSKotherBSI,ASV_1,0.2280649054955504,0.050837468779543066,1.0,3.700439718141092,0.0,0,0,0,1.0,2,0,0
2107,0.2898740707860419,True,True,MSKalloHCTfecal,ASV_1,0.31052845688279845,0.03843214949442601,1.0,3.169925001442312,-100.0,1,0,1,1.0,1,1,2
2108,0.2791884615705335,True,True,MSKalloHCTfecal,ASV_1,0.31052845688279845,0.03843214949442601,1.0,3.169925001442312,-100.0,1,0,1,1.0,1,1,2
803,0.2736365401683308,True,True,MSKotherBSI,ASV_1,0.42993863698061013,0.06532603686574052,1.0,1.584962500721156,-100.0,0,1,1,1.0,2,2,2
490,0.2641297554818827,True,True,MSKalloHCTBSI,ASV_1,0.3885944581801729,0.04463109498871752,1.0,3.0,-100.0,1,1,1,1.0,1,2,2
2448,0.2619110410125864,True,True,MSKalloHCTfecal,ASV_1,0.2474730768775501,0.040229001967661944,1.0,1.0,-100.0,1,0,0,1.0,1,0,0
806,0.2615758489864467,True,True,MSKotherBSI,ASV_1,0.3787228058134038,0.044171952269053696,1.0,3.321928094887362,-100.0,1,1,1,1.0,1,2,2
800,0.1866132643815423,False,False,MSKotherBSI,ASV_1,0.2883134425503205,0.07335649937327118,1.0,4.807354922057604,-100.0,1,1,1,1.0,1,2,2
807,0.1702310203084111,True,False,MSKotherBSI,ASV_1,0.14910961746492216,0.04196387086835701,1.0,2.0,1.0,1,0,0,4.087462841250339,1,0,0
2499,0.1598347424549554,False,False,MSKalloHCTfecal,ASV_1,0.12762746812985126,0.042211010046640386,1.0,1.0,1.0,1,0,0,3.700439718141092,1,0,0
1398,0.1523329806800882,True,False,MSKalloHCTfecal,ASV_1,0.3827972175780945,0.04130345483755663,1.0,2.807354922057604,-100.0,1,1,1,1.584962500721156,1,2,2
2426,0.1509031729826134,False,False,MSKalloHCTfecal,ASV_1,0.0505334706555208,0.04454972393681645,1.0,1.0,1.0,0,0,0,2.584962500721156,2,0,0
2425,0.1387908528293347,False,False,MSKalloHCTfecal,ASV_1,0.0505334706555208,0.04454972393681645,1.0,1.0,1.0,0,0,0,2.807354922057604,2,0,0
1298,0.1262324890978478,False,False,MSKalloHCTfecal,ASV_1,0.0505334706555208,0.04454972393681645,1.0,1.0,1.0,0,0,0,1.0,0,0,0
2529,0.1248840786967944,True,False,MSKalloHCTfecal,ASV_1,0.0505334706555208,0.04454972393681645,1.0,1.0,1.0,0,0,0,4.247927513443585,2,0,0
1324,0.1217841859583872,False,False,MSKalloHCTfecal,ASV_1,0.05134896607625142,0.047433267835651105,1.0,2.584962500721156,1.0,0,0,0,2.807354922057604,2,0,0
2233,0.0944753886077169,False,False,MSKalloHCTfecal,ASV_1,0.0505334706555208,0.04454972393681645,1.0,1.0,1.0,0,0,0,1.0,2,0,0
1895,0.0561648705883799,False,False,MSKalloHCTfecal,ASV_1,0.0505334706555208,0.04454972393681645,1.0,1.0,1.0,0,0,0,3.700439718141092,2,0,0
2413,0.0543132642787943,False,False,MSKalloHCTfecal,ASV_1,0.12762746812985126,0.042211010046640386,1.0,1.0,1.0,1,0,0,2.584962500721156,1,0,0
249,0.0472084227223226,False,False,MSKalloHCTfecal,ASV_1,0.0505334706555208,0.04454972393681645,1.0,1.0,1.0,0,0,0,1.0,0,0,0
813,0.0432532088262022,False,False,MSKotherBSI,ASV_1,0.2545059343235786,0.0895664119978156,1.0,4.906890595608519,-100.0,1,1,1,1.0,1,2,2
815,0.0388938800558882,False,False,MSKotherBSI,ASV_1,0.07227526948075422,0.04345043855954084,1.0,4.0,1.0,0,0,0,3.321928094887362,0,0,0
1325,0.0314706671357631,False,False,MSKalloHCTfecal,ASV_1,0.05134896607625142,0.047433267835651105,1.0,2.584962500721156,1.0,0,0,0,2.807354922057604,2,0,0
1700,0.0299417943286066,False,False,MSKalloHCTfecal,ASV_1,0.05134896607625142,0.047433267835651105,1.0,2.584962500721156,1.0,0,0,0,2.807354922057604,2,0,0
846,0.0143803904005461,False,False,MSKhealthydonor,ASV_1,0.05134896607625142,0.047433267835651105,1.0,2.584962500721156,1.0,0,0,0,3.169925001442312,2,0,0
2234,0.0141245122783182,False,False,MSKalloHCTfecal,ASV_1,0.0505334706555208,0.04454972393681645,1.0,1.0,1.0,0,0,0,1.0,2,0,0
1241,0.0135585200659289,False,False,MSKalloHCTfecal,ASV_1,0.07099531928492911,0.043537672906199955,1.0,4.087462841250339,1.0,0,0,0,1.0,0,0,0
814,0.0135585200659289,False,False,MSKotherBSI,ASV_1,0.0505334706555208,0.04454972393681645,1.0,1.0,1.0,0,0,0,1.0,0,0,0
925,0.0133580980912342,False,False,MSKalloHCTfecal,ASV_1,0.0505334706555208,0.04454972393681645,1.0,1.0,1.0,0,0,0,1.0,0,0,0
923,0.0133580980912342,False,False,MSKalloHCTfecal,ASV_1,0.0505334706555208,0.04454972393681645,1.0,1.0,1.0,0,0,0,1.0,0,0,0
848,0.0133580980912342,False,False,MSKhealthydonor,ASV_1,0.0505334706555208,0.04454972393681645,1.0,1.0,1.0,0,0,0,3.0,0,0,0
1191,0.0133580980912342,False,False,MSKalloHCTBSI,ASV_1,0.0691085074305058,0.04814526783582473,1.0,1.0,-100.0,0,0,0,1.0,0,1,1
281,0.0133580980912342,False,False,MSKalloHCTfecal,ASV_1,0.0505334706555208,0.04454972393681645,1.0,1.0,1.0,0,0,0,1.0,0,0,0
1302,0.0133580980912342,False,False,MSKalloHCTfecal,ASV_1,0.0505334706555208,0.04454972393681645,1.0,1.0,1.0,0,0,0,1.0,0,0,0
1082,0.0133580980912342,False,False,MSKalloHCTfecal,ASV_1,0.05642309466846545,0.04972781402358366,1.0,3.4594316186372973,1.0,0,0,0,3.9068905956085187,0,0,0
1258,0.0133580980912342,False,False,MSKalloHCTfecal,ASV_1,0.07227526948075422,0.04345043855954084,1.0,4.0,1.0,0,0,0,1.0,0,0,0
265,0.0133580980912342,False,False,MSKalloHCTfecal,ASV_1,0.0505334706555208,0.04454972393681645,1.0,1.0,1.0,0,0,0,1.0,0,0,0
1286,0.0133580980912342,False,False,MSKalloHCTfecal,ASV_1,0.0505334706555208,0.04454972393681645,1.0,1.0,1.0,0,0,0,1.0,0,0,0
2524,0.0133580980912342,False,False,MSKalloHCTfecal,ASV_1,0.0505334706555208,0.04454972393681645,1.0,1.0,1.0,0,0,0,3.169925001442312,2,0,0
250,0.0133580980912342,False,False,MSKalloHCTfecal,ASV_1,0.0505334706555208,0.04454972393681645,1.0,1.0,1.0,0,0,0,1.0,0,0,0
1882,0.0133580980912342,False,False,MSKalloHCTfecal,ASV_1,0.0505334706555208,0.04454972393681645,1.0,1.0,1.0,0,0,0,3.321928094887362,2,0,0
891,0.0133580980912342,False,False,MSKalloHCTfecal,ASV_1,0.0505334706555208,0.04454972393681645,1.0,1.0,1.0,0,0,0,1.0,0,0,0
2386,0.0133580980912342,False,False,MSKalloHCTBSI,ASV_1,0.0505334706555208,0.04454972393681645,1.0,1.0,1.0,0,0,0,1.0,2,0,0
2123,0.0133580980912342,False,False,MSKalloHCTfecal,ASV_1,0.0505334706555208,0.04454972393681645,1.0,1.0,1.0,0,0,0,4.459431618637297,2,0,0
811,0.0133580980912342,False,False,MSKalloHCTBSI,ASV_1,0.0505334706555208,0.04454972393681645,1.0,1.0,1.0,0,0,0,3.321928094887362,2,0,0
2412,0.0133580980912342,False,False,MSKalloHCTfecal,ASV_1,0.0505334706555208,0.04454972393681645,1.0,1.0,1.0,0,0,0,1.0,2,0,0
850,0.0133580980912342,False,False,MSKhealthydonor,ASV_1,0.0505334706555208,0.04454972393681645,1.0,1.0,1.0,0,0,0,2.807354922057604,0,0,0
844,0.0133580980912342,False,False,MSKhealthydonor,ASV_1,0.0505334706555208,0.04454972393681645,1.0,1.0,1.0,0,0,0,1.0,2,0,0
2406,0.0133580980912342,False,False,MSKalloHCTfecal,ASV_1,0.0505334706555208,0.04454972393681645,1.0,1.0,1.0,0,0,0,1.0,0,0,0
1666,0.0133580980912342,False,False,MSKalloHCTfecal,ASV_1,0.0691085074305058,0.04814526783582473,1.0,1.0,-100.0,0,0,0,1.0,0,1,1
2124,0.0133580980912342,False,False,MSKalloHCTfecal,ASV_1,0.0505334706555208,0.04454972393681645,1.0,1.0,1.0,0,0,0,4.523561956057013,2,0,0
2399,0.0133580980912342,False,False,MSKalloHCTfecal,ASV_1,0.0505334706555208,0.04454972393681645,1.0,1.0,1.0,0,0,0,1.0,0,0,0
1884,0.0133580980912342,False,False,MSKalloHCTfecal,ASV_1,0.0505334706555208,0.04454972393681645,1.0,1.0,1.0,0,0,0,3.321928094887362,2,0,0
2159,0.0126601444064601,False,False,MSKalloHCTfecal,ASV_1,0.39236086463438824,0.042812555221060956,1.0,2.321928094887362,-100.0,1,1,1,1.0,1,2,2
1894,0.0097768122079823,False,False,MSKalloHCTfecal,ASV_1,0.0505334706555208,0.04454972393681645,1.0,1.0,1.0,0,0,0,3.700439718141092,2,0,0
1891,0.0097768122079823,False,False,MSKalloHCTfecal,ASV_1,0.0505334706555208,0.04454972393681645,1.0,1.0,1.0,0,0,0,3.807354922057604,2,0,0
2422,0.0095626108962216,False,False,MSKalloHCTfecal,ASV_1,0.05929807759893096,0.04181768596723165,1.0,5.044394119358453,1.0,0,0,0,1.584962500721156,0,0,0
2415,0.0027028184327091,False,False,MSKalloHCTfecal,ASV_1,0.06059000550653413,0.042658394017954335,1.0,4.700439718141092,1.0,0,0,0,1.584962500721156,0,0,0
1090,0.0019716365061965,False,False,MSKalloHCTfecal,ASV_1,0.05642309466846545,0.04972781402358366,1.0,3.4594316186372973,1.0,0,0,0,3.9068905956085187,0,0,0
804,0.0008203643419249,False,False,MSKalloHCTBSI,ASV_1,0.0505334706555208,0.04454972393681645,1.0,1.0,1.0,0,0,0,1.0,0,0,0
247,0.0008203643419249,False,False,MSKalloHCTfecal,ASV_1,0.0505334706555208,0.04454972393681645,1.0,1.0,1.0,0,0,0,3.0,2,0,0
620,0.0007497625443367,False,False,MSKalloHCTfecal,ASV_1,0.0691085074305058,0.04814526783582473,1.0,1.0,-100.0,0,0,0,1.0,0,1,1
1892,0.0001783152198097,False,False,MSKalloHCTfecal,ASV_1,0.0505334706555208,0.04454972393681645,1.0,1.0,1.0,0,0,0,3.807354922057604,2,0,0
